sequence_id	sequence	rev_comp	productive	v_call	d_call	j_call	sequence_alignment	germline_alignment	junction	junction_aa	v_cigar	d_cigar	j_cigar	stop_codon	vj_in_frame	locus	c_call	junction_length	np1_length	np2_length	v_sequence_start	v_sequence_end	v_germline_start	v_germline_end	d_sequence_start	d_sequence_end	d_germline_start	d_germline_end	j_sequence_start	j_sequence_end	j_germline_start	j_germline_end	clone_id	germline_alignment_d_mask	germline_v_call	germline_d_call	germline_j_call
GACAGAGCACTGTTAG-1_contig_2_1018.fasta	GATTCAGTGATCAGCACTGAACACAGAGGACTCACCATGGAGTTGGGACTGAGCTGGATTTTCCTTTTGGCTATTTTAAAAGGTGTCCAGTGTGAAGTGCAGCTGGTGGAGTCTGGGGGAGGCTTGGTACAGCCTGGCAGGTCCCTGAGACTCTCCTGTGCAGCCTCTGGATTCACCTTTGATGATTATGCCATGCACTGGGTCCGGCAAGCTCCAGGGAAGGGCCTGGAGTGGGTCTCAGGTATTAGTTGGAATAGTGGTAGCATAGGCTATGCGGACTCTGTGAAGGGCCGATTCACCATCTCCAGAGACAACGCCAAGAACTCCCTGTATCTGCAAATGAACAGTCTGAGAGCTGAGGACACGGCCTTGTATTACTGTGCAAAAGCGGCCCTACCCCTCTTGGACTACGGTGACTACTACTTTGACTACTGGGGCCAGGGAACCCTGGTCACCGTCTCCTCAGGGAGTGCATCCGCCCCAACCCTTTTCCCCCTCGTCTCCTGTGAGAATTCCCCGTCGGATACGAGCAGCGTG	F	T	IGHV3-9*01	IGHD4-17*01	IGHJ4*02	GAAGTGCAGCTGGTGGAGTCTGGGGGA...GGCTTGGTACAGCCTGGCAGGTCCCTGAGACTCTCCTGTGCAGCCTCTGGATTCACCTTT............GATGATTATGCCATGCACTGGGTCCGGCAAGCTCCAGGGAAGGGCCTGGAGTGGGTCTCAGGTATTAGTTGGAAT......AGTGGTAGCATAGGCTATGCGGACTCTGTGAAG...GGCCGATTCACCATCTCCAGAGACAACGCCAAGAACTCCCTGTATCTGCAAATGAACAGTCTGAGAGCTGAGGACACGGCCTTGTATTACTGTGCAAAAGCGGCCCTACCCCTCTTGGACTACGGTGACTACTACTTTGACTACTGGGGCCAGGGAACCCTGGTCACCGTCTCCTCAG	GAAGTGCAGCTGGTGGAGTCTGGGGGA...GGCTTGGTACAGCCTGGCAGGTCCCTGAGACTCTCCTGTGCAGCCTCTGGATTCACCTTT............GATGATTATGCCATGCACTGGGTCCGGCAAGCTCCAGGGAAGGGCCTGGAGTGGGTCTCAGGTATTAGTTGGAAT......AGTGGTAGCATAGGCTATGCGGACTCTGTGAAG...GGCCGATTCACCATCTCCAGAGACAACGCCAAGAACTCCCTGTATCTGCAAATGAACAGTCTGAGAGCTGAGGACACGGCCTTGTATTACTGTGCAAAAGNNNNNNNNNNNNNNNNNGACTACGGTGACTACTACTTTGACTACTGGGGCCAGGGAACCCTGGTCACCGTCTCCTCAG	TGTGCAAAAGCGGCCCTACCCCTCTTGGACTACGGTGACTACTACTTTGACTACTGG	CAKAALPLLDYGDYYFDYW	93S295=	405S1N13=	418S48=	F	T	IGH		57	17	0.0	94	388	1	319	406.0	418.0	2.0	14.0	419	466	1	48	37	GAAGTGCAGCTGGTGGAGTCTGGGGGA...GGCTTGGTACAGCCTGGCAGGTCCCTGAGACTCTCCTGTGCAGCCTCTGGATTCACCTTT............GATGATTATGCCATGCACTGGGTCCGGCAAGCTCCAGGGAAGGGCCTGGAGTGGGTCTCAGGTATTAGTTGGAAT......AGTGGTAGCATAGGCTATGCGGACTCTGTGAAG...GGCCGATTCACCATCTCCAGAGACAACGCCAAGAACTCCCTGTATCTGCAAATGAACAGTCTGAGAGCTGAGGACACGGCCTTGTATTACTGTGCAAAAGNNNNNNNNNNNNNNNNNNNNNNNNNNNNNNACTACTTTGACTACTGGGGCCAGGGAACCCTGGTCACCGTCTCCTCAG	IGHV3-9*01	IGHD4-17*01	IGHJ4*02
ACTGATGGTGTTAAGA-1_contig_1_1017.fasta	AGGAGTCAGTCCCAACCAGGACACAGCATGGACATGAGGGTCCCTGCTCAGCTCCTGGGGCTCCTGCTGCTCTGGCTCTCAGGTGCCAGATGTGACATCCAGATGACCCAGTCTCCATCCTCCCTGTCTGCATCTGTAGGAGACAGAGTCACCATCACTTGCCAGGCGAGTCAGGACATTAGCAACTATTTAAATTGGTATCAGCAGAAACCAGGGAAAGCCCCTAAGCTCCTGATCTACGATGCATCCAATTTGGAAACAGGGGTCCCATCAAGGTTCAGTGGAAGTGGATCTGGGACAGATTTTACTTTCACCATCAGCAGCCTGCAGCCTGAAGATATTGCAACATATTACTGTCAACAGTATGATAATCTTGCGCTCACTTTCGGCGGAGGGACCAAGGTGGAGATCAAACGAACTGTGGCTGCACCATCTGTCTTCATCTTCCCGCCATCTGATGAGCAGTTGAAATCTGGAACTGCCTCTGTTGTGTGCCTGCTGAATAACTTCTATCCCAGAGAGGCCAAAGTACAGTGGAAGGTGGATAACGC	F	T	IGHV7-81*01		IGKJ4*01	..............................................................................................................................................................................................................................................................................ATCAGCAGCCTGCAGCCTGAAGATATTGCAACATATTACTGTCAACAGTATGATAATCTTGCGCTCACTTTCGGCGGAGGGACCAAGGTGGAGATCAAAC	CAGGTGCAGCTGGTGCAGTCTGGCCAT...GAGGTGAAGCAGCCTGGGGCCTCAGTGAAGGTCTCCTGCAAGGCTTCTGGTTACAGTTTC............ACCACCTATGGTATGAATTGGGTGCCACAGGCCCCTGGACAAGGGCTTGAGTGGATGGGATGGTTCAACACCTAC......ACTGGGAACCCAACATATGCCCAGGGCTTCACA...GGACGGTTTGTCTTCTCCATGGACACCTCTGCCAGCACAGCATACCTGCAGATCAGCAGCCTAAAGGCTGAGGACATGGCCATGTATTACTGTNNNNNNNNNNNNNNNNNNNNGCTCACTTTCGGCGGAGGGACCAAGGTGGAGATCAAAC	TGTCAACAGTATGATAATCTTGCGCTCACTTTC	CQQYDNLALTF	315S246N11=2X2=1X4=1X2=1X2=1X2=1X1=2X9=		377S38=	F	T	IGK		33	20		316	357	1	312					378	415	1	38	35	CAGGTGCAGCTGGTGCAGTCTGGCCAT...GAGGTGAAGCAGCCTGGGGCCTCAGTGAAGGTCTCCTGCAAGGCTTCTGGTTACAGTTTC............ACCACCTATGGTATGAATTGGGTGCCACAGGCCCCTGGACAAGGGCTTGAGTGGATGGGATGGTTCAACACCTAC......ACTGGGAACCCAACATATGCCCAGGGCTTCACA...GGACGGTTTGTCTTCTCCATGGACACCTCTGCCAGCACAGCATACCTGCAGATCAGCAGCCTAAAGGCTGAGGACATGGCCATGTATTACTGTNNNNNNNNNNNNNNNNNNNNGCTCACTTTCGGCGGAGGGACCAAGGTGGAGATCAAAC	IGHV7-81*01		IGKJ4*01
GTTCGGGGTCCGAATT-1_contig_1_1018.fasta	GGAGTCAGTCCCAGTCAGGACACAGCATGGACATGAGGGTCCCCGCTCAGCTCCTGGGGCTCCTGCTGCTCTGGCTCCCAGGTGCCAGATGTGCCATCCAGTTGACCCAGTCTCCATCCTCCCTGTCTGCATCTGTAGGAGACAGAGTCACCATCACTTGCCGGGCCAGTCAGGGCATTAGCAGTTATTTAGCCTGGTATCAGCAAAAACCAGGGAAAGCCCCTAAGCTCCTGATCTCTGCTTCATCCACTTTGCAAAGTGGGGTCCCATCAAGGTTCAGCGGCAGTGGATCTGGGACAGATTTCACTCTCACCATCAGCAGCCTGCAGCCTGAAGATTTTGCAACTTATTACTGTCAACAGCTTAATAGTTACCCTCTCACTTTCGGCGGAGGGACCAAGGTGGAGATCAAACGAACTGTGGCTGCACCATCTGTCTTCATCTTCCCGCCATCTGATGAGCAGTTGAAATCTGGAACTGCCTCTGTTGTGTGCCTGCTGAATAACTTCTATCCCAGAGAGGCCAAAGTACAGTGGAAGGTGGATAACGC	F	T	IGHV7-81*01		IGKJ4*01	..............................................................................................................................................................................................................................................................................ATCAGCAGCCTGCAGCCTGAAGATTTTGCAACTTATTACTGTCAACAGCTTAATAGTTACCCTCTCACTTTCGGCGGAGGGACCAAGGTGGAGATCAAAC	CAGGTGCAGCTGGTGCAGTCTGGCCAT...GAGGTGAAGCAGCCTGGGGCCTCAGTGAAGGTCTCCTGCAAGGCTTCTGGTTACAGTTTC............ACCACCTATGGTATGAATTGGGTGCCACAGGCCCCTGGACAAGGGCTTGAGTGGATGGGATGGTTCAACACCTAC......ACTGGGAACCCAACATATGCCCAGGGCTTCACA...GGACGGTTTGTCTTCTCCATGGACACCTCTGCCAGCACAGCATACCTGCAGATCAGCAGCCTAAAGGCTGAGGACATGGCCATGTATTACTGTNNNNNNNNNNNNNNNNNNNNNCTCACTTTCGGCGGAGGGACCAAGGTGGAGATCAAAC	TGTCAACAGCTTAATAGTTACCCTCTCACTTTC	CQQLNSYPLTF	314S246N11=2X2=1X4=1X2=2X1=1X2=1X1=2X9=		377S1N37=	F	T	IGK		33	21		315	356	1	312					378	414	2	38	36	CAGGTGCAGCTGGTGCAGTCTGGCCAT...GAGGTGAAGCAGCCTGGGGCCTCAGTGAAGGTCTCCTGCAAGGCTTCTGGTTACAGTTTC............ACCACCTATGGTATGAATTGGGTGCCACAGGCCCCTGGACAAGGGCTTGAGTGGATGGGATGGTTCAACACCTAC......ACTGGGAACCCAACATATGCCCAGGGCTTCACA...GGACGGTTTGTCTTCTCCATGGACACCTCTGCCAGCACAGCATACCTGCAGATCAGCAGCCTAAAGGCTGAGGACATGGCCATGTATTACTGTNNNNNNNNNNNNNNNNNNNNNCTCACTTTCGGCGGAGGGACCAAGGTGGAGATCAAAC	IGHV7-81*01		IGKJ4*01
GGACGTCAGACTTTCG-1_contig_2_1018.fasta	ACAACCACACCCCTCCTAAGAAGAAGCCCCTAGACCACAGCTCCACACCATGGACTGGACCTGGAGGATCCTCTTCTTGGTGGCAGCAGCAACAGGTGCCCACTCCCAGGTGCAGCTGGTGCAATCTGGGTCTGAGTTGAAGAAGCCTGGGGCCTCAGTGAAGGTTTCCTGCAAGGCTTCTGGATACACCTTCACTAGCTATGCTATGAATTGGGTGCGACAGGCCCCTGGACAAGGGCTTGAGTGGATGGGATGGATCAACACCAACACTGGGAACCCAACGTATGCCCAGGGCTTCACAGGACGGTTTGTCTTCTCCTTGGACACCTCTGTCAGCACGGCATATCTGCAGATCAGCAGCCTAAAGGCTGAGGACACTGCCGTGTATTACTGTGCGAGAGAGTTCTGGCACGGTGAGAACACCGGCGGCCGAGACTTTGACTACTGGGGCCAGGGAACCCTGGTCACCGTCTCCTCAGGGAGTGCATCCGCCCCAACCCTTTTCCCCCTCGTCTCCTGTGAGAATTCCCCGTCGGATACGAGCAGCGTG	F	T	IGHV7-4-1*02	IGHD4-17*01	IGHJ4*02	CAGGTGCAGCTGGTGCAATCTGGGTCT...GAGTTGAAGAAGCCTGGGGCCTCAGTGAAGGTTTCCTGCAAGGCTTCTGGATACACCTTC............ACTAGCTATGCTATGAATTGGGTGCGACAGGCCCCTGGACAAGGGCTTGAGTGGATGGGATGGATCAACACCAAC......ACTGGGAACCCAACGTATGCCCAGGGCTTCACA...GGACGGTTTGTCTTCTCCTTGGACACCTCTGTCAGCACGGCATATCTGCAGATCAGCAGCCTAAAGGCTGAGGACACTGCCGTGTATTACTGTGCGAGAGAGTTCTGGCACGGTGAGAACACCGGCGGCCGAGACTTTGACTACTGGGGCCAGGGAACCCTGGTCACCGTCTCCTCAG	CAGGTGCAGCTGGTGCAATCTGGGTCT...GAGTTGAAGAAGCCTGGGGCCTCAGTGAAGGTTTCCTGCAAGGCTTCTGGATACACCTTC............ACTAGCTATGCTATGAATTGGGTGCGACAGGCCCCTGGACAAGGGCTTGAGTGGATGGGATGGATCAACACCAAC......ACTGGGAACCCAACGTATGCCCAGGGCTTCACA...GGACGGTTTGTCTTCTCCTTGGACACCTCTGTCAGCACGGCATATCTGCAGATCAGCAGCCTAAAGGCTGAGGACACTGCCGTGTATTACTGTGCGAGAGANNNNNNNNACGGTGANNNNNNNNNNNNNNNNNACTTTGACTACTGGGGCCAGGGAACCCTGGTCACCGTCTCCTCAG	TGTGCGAGAGAGTTCTGGCACGGTGAGAACACCGGCGGCCGAGACTTTGACTACTGG	CAREFWHGENTGGRDFDYW	106S296=	410S5N7=	434S3N45=	F	T	IGH		57	8	17.0	107	402	1	320	411.0	417.0	6.0	12.0	435	479	4	48	41	CAGGTGCAGCTGGTGCAATCTGGGTCT...GAGTTGAAGAAGCCTGGGGCCTCAGTGAAGGTTTCCTGCAAGGCTTCTGGATACACCTTC............ACTAGCTATGCTATGAATTGGGTGCGACAGGCCCCTGGACAAGGGCTTGAGTGGATGGGATGGATCAACACCAAC......ACTGGGAACCCAACGTATGCCCAGGGCTTCACA...GGACGGTTTGTCTTCTCCTTGGACACCTCTGTCAGCACGGCATATCTGCAGATCAGCAGCCTAAAGGCTGAGGACACTGCCGTGTATTACTGTGCGAGAGANNNNNNNNNNNNNNNNNNNNNNNNNNNNNNNNACTTTGACTACTGGGGCCAGGGAACCCTGGTCACCGTCTCCTCAG	IGHV7-4-1*02	IGHD4-17*01	IGHJ4*02
ATGGGAGGTTAAGACA-1_contig_2_1017.fasta	ACTTTCTGAGAGTCCTGGACCTCCTGTGCAAGAACATGAAACATCTGTGGTTCTTCCTCCTCCTGGTGGCAGCTCCCAGATGGGTCCTGTCCCAGGTGCAGCTGCAGGAGTCGGGCCCAGGACTGGTGAAGCCTTCACAGACCCTGTCCCTCACCTGCACTGTCTCTGGTGGCTCCATCAGCAGTGGTAGTTACTACTGGAGCTGGATCCGGCAGCCCGCCGGGAAGGGACTGGAGTGGATTGGGCGTATCTATACCAGTGGGAGCACCAACTACAACCCCTCCCTCAAGAGTCGAGTCACCATATCAGTAGACACGTCCAAGAACCAGTTCTCCCTGAAGCTGAGCTCTGTGACCGCCGCAGACACGGCCGTGTATTACTGTGCGAGAGATTCAAGGTCGTATTACTATGATAGTAGAGGTGCTTTTGATATCTGGGGCCAAGGGACAATGGTCACCGTCTCTTCAGGGAGTGCATCCGCCCCAACCCTTTTCCCCCTCGTCTCCTGTGAGAATTCCCCGTCGGATACGAGCAGCGTG	F	T	IGHV4-61*02	IGHD3-22*01	IGHJ3*02	CAGGTGCAGCTGCAGGAGTCGGGCCCA...GGACTGGTGAAGCCTTCACAGACCCTGTCCCTCACCTGCACTGTCTCTGGTGGCTCCATCAGC......AGTGGTAGTTACTACTGGAGCTGGATCCGGCAGCCCGCCGGGAAGGGACTGGAGTGGATTGGGCGTATCTATACCAGT.........GGGAGCACCAACTACAACCCCTCCCTCAAG...AGTCGAGTCACCATATCAGTAGACACGTCCAAGAACCAGTTCTCCCTGAAGCTGAGCTCTGTGACCGCCGCAGACACGGCCGTGTATTACTGTGCGAGAGATTCAAGGTCGTATTACTATGATAGTAGAGGTGCTTTTGATATCTGGGGCCAAGGGACAATGGTCACCGTCTCTTCAG	CAGGTGCAGCTGCAGGAGTCGGGCCCA...GGACTGGTGAAGCCTTCACAGACCCTGTCCCTCACCTGCACTGTCTCTGGTGGCTCCATCAGC......AGTGGTAGTTACTACTGGAGCTGGATCCGGCAGCCCGCCGGGAAGGGACTGGAGTGGATTGGGCGTATCTATACCAGT.........GGGAGCACCAACTACAACCCCTCCCTCAAG...AGTCGAGTCACCATATCAGTAGACACGTCCAAGAACCAGTTCTCCCTGAAGCTGAGCTCTGTGACCGCCGCAGACACGGCCGTGTATTACTGTGCGAGAGANNNNNNNNNGTATTACTATGATAGTAGNNNTGCTTTTGATATCTGGGGCCAAGGGACAATGGTCACCGTCTCTTCAG	TGTGCGAGAGATTCAAGGTCGTATTACTATGATAGTAGAGGTGCTTTTGATATCTGG	CARDSRSYYYDSRGAFDIW	92S299=	400S18=	421S3N47=	F	T	IGH		57	9	3.0	93	391	1	320	401.0	418.0	1.0	18.0	422	468	4	50	38	CAGGTGCAGCTGCAGGAGTCGGGCCCA...GGACTGGTGAAGCCTTCACAGACCCTGTCCCTCACCTGCACTGTCTCTGGTGGCTCCATCAGC......AGTGGTAGTTACTACTGGAGCTGGATCCGGCAGCCCGCCGGGAAGGGACTGGAGTGGATTGGGCGTATCTATACCAGT.........GGGAGCACCAACTACAACCCCTCCCTCAAG...AGTCGAGTCACCATATCAGTAGACACGTCCAAGAACCAGTTCTCCCTGAAGCTGAGCTCTGTGACCGCCGCAGACACGGCCGTGTATTACTGTGCGAGAGANNNNNNNNNNNNNNNNNNNNNNNNNNNNNNTGCTTTTGATATCTGGGGCCAAGGGACAATGGTCACCGTCTCTTCAG	IGHV4-61*02	IGHD3-22*01	IGHJ3*02
ACACCAACACCAGCAC-1_contig_1_1018.fasta	AGGTTCCAGCTCACATGGAAAATACTTTCTGAGAGTCCTGGACCTCCTGTGCAAGAACATGAAACATCTGTGGTTCTTCCTCCTCCTGGTGGCAGCTCCCAGATGGGTCCTGTCCCAGGTGCAGCTGCAGGAGTCGGGCCCAGGACTGGTGAAGCCTTCACAGACCCTGTCCCTCACCTGCACTGTCTCTGGTGGCTCCATCAGCAGTGGTAGTTACTACTGGAGCTGGATCCGGCAGCCCGCCGGGAAGGGACTGGAGTGGATTGGGCGTATCTATACCAGTGGGAGCACCAACTACAACCCCTCCCTCAAGAGTCGAGTCACCATATCAGTAGACACGTCCAAGAACCAGTTCTCCCTGAAGCTGAGCTCTGTGACCGCCGCAGACACGGCCGTGTATTACTGTGCGAGAGAATTCCCGCATTACTATGATAGTAGTGGGTATGCTTTTGATATCTGGGGCCAAGGGACAATGGTCACCGTCTCTTCAGGGAGTGCATCCGCCCCAACCCTTTTCCCCCTCGTCTCCTGTGAGAATTCCCCGTCGGATACGAGCAGCGTG	F	T	IGHV4-61*02	IGHD3-22*01	IGHJ3*02	CAGGTGCAGCTGCAGGAGTCGGGCCCA...GGACTGGTGAAGCCTTCACAGACCCTGTCCCTCACCTGCACTGTCTCTGGTGGCTCCATCAGC......AGTGGTAGTTACTACTGGAGCTGGATCCGGCAGCCCGCCGGGAAGGGACTGGAGTGGATTGGGCGTATCTATACCAGT.........GGGAGCACCAACTACAACCCCTCCCTCAAG...AGTCGAGTCACCATATCAGTAGACACGTCCAAGAACCAGTTCTCCCTGAAGCTGAGCTCTGTGACCGCCGCAGACACGGCCGTGTATTACTGTGCGAGAGAATTCCCGCATTACTATGATAGTAGTGGGTATGCTTTTGATATCTGGGGCCAAGGGACAATGGTCACCGTCTCTTCAG	CAGGTGCAGCTGCAGGAGTCGGGCCCA...GGACTGGTGAAGCCTTCACAGACCCTGTCCCTCACCTGCACTGTCTCTGGTGGCTCCATCAGC......AGTGGTAGTTACTACTGGAGCTGGATCCGGCAGCCCGCCGGGAAGGGACTGGAGTGGATTGGGCGTATCTATACCAGT.........GGGAGCACCAACTACAACCCCTCCCTCAAG...AGTCGAGTCACCATATCAGTAGACACGTCCAAGAACCAGTTCTCCCTGAAGCTGAGCTCTGTGACCGCCGCAGACACGGCCGTGTATTACTGTGCGAGAGANNNNNNNNATTACTATGATAGTAGTGGNNATGCTTTTGATATCTGGGGCCAAGGGACAATGGTCACCGTCTCTTCAG	TGTGCGAGAGAATTCCCGCATTACTATGATAGTAGTGGGTATGCTTTTGATATCTGG	CAREFPHYYDSSGYAFDIW	115S299=	422S2N19=	443S2N48=	F	T	IGH		57	8	2.0	116	414	1	320	423.0	441.0	3.0	21.0	444	491	3	50	39	CAGGTGCAGCTGCAGGAGTCGGGCCCA...GGACTGGTGAAGCCTTCACAGACCCTGTCCCTCACCTGCACTGTCTCTGGTGGCTCCATCAGC......AGTGGTAGTTACTACTGGAGCTGGATCCGGCAGCCCGCCGGGAAGGGACTGGAGTGGATTGGGCGTATCTATACCAGT.........GGGAGCACCAACTACAACCCCTCCCTCAAG...AGTCGAGTCACCATATCAGTAGACACGTCCAAGAACCAGTTCTCCCTGAAGCTGAGCTCTGTGACCGCCGCAGACACGGCCGTGTATTACTGTGCGAGAGANNNNNNNNNNNNNNNNNNNNNNNNNNNNNATGCTTTTGATATCTGGGGCCAAGGGACAATGGTCACCGTCTCTTCAG	IGHV4-61*02	IGHD3-22*01	IGHJ3*02
TGCCCATGTACATCCA-1_contig_2_1017.fasta	AGCTCTGAGAGAGGAGCCCAGCCCTGGGATTTTCAGGTGTTTTCATTTGGTGATCAGGACTGAACAGAGAGAACTCACCATGGAGTTTGGGCTGAGCTGGCTTTTTCTTGTGGCTATTTTAAAAGGTGTCCAGTGTGAGGTGCAGTTGTTGGAGTCTGGGGGAGGCTTGGGACAGCCGGGGGGGTCCCAGAGACTCTCCTGTGCAGCCTCAGGATTCACCTTCAGTAGCTATGGCATGAGCTGGGTCCGCCAGGCTCCAGGGAAGGGGCTGGAGTGGGTCTCAGCTATTAGTGTCAATGGTGATGGCACATACTACGCAGACTCCGTGAAGGGCCGGTTCTCCATCTCCAGAGACAATTCCAAGAACACCCTGTATCTGCAAATGAACAGCCTGAGAGCCGACGACACGGCCGTATATTACTGTGCGAGAGTGCTCCCAAGTCGTGGTAGTTCTTGGTTAGACTACTTTGACTACTGGGGCCAGGGAACCCTGGTCACCGTCTCCTCAGGGAGTGCATCCGCCCCAACCCTTTTCCCCCTCGTCTCCTGTGAGAATTCCCCGTCGGATACGAGCAGCGTG	F	T	IGHV3-23*01,IGHV3-23D*01	IGHD2-15*01	IGHJ4*02	GAGGTGCAGTTGTTGGAGTCTGGGGGA...GGCTTGGGACAGCCGGGGGGGTCCCAGAGACTCTCCTGTGCAGCCTCAGGATTCACCTTC............AGTAGCTATGGCATGAGCTGGGTCCGCCAGGCTCCAGGGAAGGGGCTGGAGTGGGTCTCAGCTATTAGTGTCAAT......GGTGATGGCACATACTACGCAGACTCCGTGAAG...GGCCGGTTCTCCATCTCCAGAGACAATTCCAAGAACACCCTGTATCTGCAAATGAACAGCCTGAGAGCCGACGACACGGCCGTATATTACTGTGCGAGAGTGCTCCCAAGTCGTGGTAGTTCTTGGTTAGACTACTTTGACTACTGGGGCCAGGGAACCCTGGTCACCGTCTCCTCAG	GAGGTGCAGCTGTTGGAGTCTGGGGGA...GGCTTGGTACAGCCTGGGGGGTCCCTGAGACTCTCCTGTGCAGCCTCTGGATTCACCTTT............AGCAGCTATGCCATGAGCTGGGTCCGCCAGGCTCCAGGGAAGGGGCTGGAGTGGGTCTCAGCTATTAGTGGTAGT......GGTGGTAGCACATACTACGCAGACTCCGTGAAG...GGCCGGTTCACCATCTCCAGAGACAATTCCAAGAACACGCTGTATCTGCAAATGAACAGCCTGAGAGCCGAGGACACGGCCGTATATTACTGTGCGAAAGNNNNNNNNAGTGGTGGTAGNNNNNNNNNNNACTACTTTGACTACTGGGGCCAGGGAACCCTGGTCACCGTCTCCTCAG	TGTGCGAGAGTGCTCCCAAGTCGTGGTAGTTCTTGGTTAGACTACTTTGACTACTGG	CARVLPSRGSSWLDYFDYW	136S9=1X24=1X6=1X10=1X21=1X11=1X2=1X7=1X59=2X1=1X5=1X1=1X35=1X28=1X32=1X25=1X2=	439S10N3=1X7=	461S48=	F	T	IGH		57	8	11.0	137	431	1	319	440.0	450.0	11.0	21.0	462	509	1	48	40	GAGGTGCAGCTGTTGGAGTCTGGGGGA...GGCTTGGTACAGCCTGGGGGGTCCCTGAGACTCTCCTGTGCAGCCTCTGGATTCACCTTT............AGCAGCTATGCCATGAGCTGGGTCCGCCAGGCTCCAGGGAAGGGGCTGGAGTGGGTCTCAGCTATTAGTGGTAGT......GGTGGTAGCACATACTACGCAGACTCCGTGAAG...GGCCGGTTCACCATCTCCAGAGACAATTCCAAGAACACGCTGTATCTGCAAATGAACAGCCTGAGAGCCGAGGACACGGCCGTATATTACTGTGCGAAAGNNNNNNNNNNNNNNNNNNNNNNNNNNNNNNACTACTTTGACTACTGGGGCCAGGGAACCCTGGTCACCGTCTCCTCAG	IGHV3-23*01	IGHD2-15*01	IGHJ4*02
GCTTCCAGTCGCGGTT-1_contig_1_1017.fasta	TTTGGCTCTTGATTTACATTGGGTACTTTCACAACCCACTGCTCATGAAATTTGCTTTTGTACTCACTGGTTGTTTTTGCATAGGCCCCTCCAGGCCACGACCAGCTGTTTGGATTTTATAAACGGGCCGTTTGCATTGTGAACTGAGCTACAACAGGCAGGCAGGGGCAGCAAGATGGTGTTGCAGACCCAGGTCTTCATTTCTCTGTTGCTCTGGATCTCTGGTGCCTACGGGGACATCGTGATGACCCAGTCTCCAGACTCCCTGGCTGTGTCTCTGGGCGAGAGGGCCACCATCAACTGCAAGTCCAGCCAGAGTGTTTTATACAGCTCCAACAATAAGAACTACTTAGCTTGGTACCAGCAGAAACCAGGACAGCCTCCTAAGCTGCTCATTTACTGGGCATCTACCCGGGAATCCGGGGTCCCTGACCGATTCAGTGGCAGCGGGTCTGGGACAGATTTCACTCTCACCATCAGCAGCCTGCAGGCTGAAGATGTGGCAGTTTATTACTGTCAGCAATATTATAGTACTCCGTGGACGTTCGGCCAAGGGACCAAGGTGGAAATCAAACGAACTGTGGCTGCACCATCTGTCTTCATCTTCCCGCCATCTGATGAGCAGTTGAAATCTGGAACTGCCTCTGTTGTGTGCCTGCTGAATAACTTCTATCCCAGAGAGGCCAAAGTACAGTGGAAGGTGGATAACGC	F	T	IGHV7-81*01		IGKJ1*01	..............................................................................................................................................................................................................................................................................ATCAGCAGCCTGCAGGCTGAAGATGTGGCAGTTTATTACTGTCAGCAATATTATAGTACTCCGTGGACGTTCGGCCAAGGGACCAAGGTGGAAATCAAAC	CAGGTGCAGCTGGTGCAGTCTGGCCAT...GAGGTGAAGCAGCCTGGGGCCTCAGTGAAGGTCTCCTGCAAGGCTTCTGGTTACAGTTTC............ACCACCTATGGTATGAATTGGGTGCCACAGGCCCCTGGACAAGGGCTTGAGTGGATGGGATGGTTCAACACCTAC......ACTGGGAACCCAACATATGCCCAGGGCTTCACA...GGACGGTTTGTCTTCTCCATGGACACCTCTGCCAGCACAGCATACCTGCAGATCAGCAGCCTAAAGGCTGAGGACATGGCCATGTATTACTGTNNNNNNNNNNNNNNNNNNNNGTGGACGTTCGGCCAAGGGACCAAGGTGGAAATCAAAC	TGTCAGCAATATTATAGTACTCCGTGGACGTTC	CQQYYSTPWTF	475S246N11=2X7=1X2=2X4=2X1=1X9=		537S38=	F	T	IGK		33	20		476	517	1	312					538	575	1	38	43	CAGGTGCAGCTGGTGCAGTCTGGCCAT...GAGGTGAAGCAGCCTGGGGCCTCAGTGAAGGTCTCCTGCAAGGCTTCTGGTTACAGTTTC............ACCACCTATGGTATGAATTGGGTGCCACAGGCCCCTGGACAAGGGCTTGAGTGGATGGGATGGTTCAACACCTAC......ACTGGGAACCCAACATATGCCCAGGGCTTCACA...GGACGGTTTGTCTTCTCCATGGACACCTCTGCCAGCACAGCATACCTGCAGATCAGCAGCCTAAAGGCTGAGGACATGGCCATGTATTACTGTNNNNNNNNNNNNNNNNNNNNGTGGACGTTCGGCCAAGGGACCAAGGTGGAAATCAAAC	IGHV7-81*01		IGKJ1*01
CCTCTGATCGTTGCCT-1_contig_1_1018.fasta	ACAACCACACCCCTCCTAAGAAGAAGCCCCTAGACCACAGCTCCACACCATGGACTGGACCTGGAGGATCCTCTTCTTGGTGGCAGCAGCAACAGGTGCCCACTCCCAGGTGCAGCTGGTGCAATCTGGGTCTGAGTTGAAGAAGCCTGGGGCCTCAGTGAAGGTTTCCTGCAAGGCTTCTGGATACACCTTCACTAGCTATGCTATGAATTGGGTGCGACAGGCCCCTGGACAAGGGCTTGAGTGGATGGGATGGATCAACACCAACACTGGGAACCCAACGTATGCCCAGGGCTTCACAGGACGGTTTGTCTTCTCCTTGGACACCTCTGTCAGCACGGCATATCTGCAGATCAGCAGCCTAAAGGCTGAGGACACTGCCGTGTATTACTGTGCGAGAGATCTGGTTCGGGGAGTTATTATACGTCAGGGGGGAATCGGCTACTGGGGCCAGGGAACCCTGGTCACCGTCTCCTCAGGGAGTGCATCCGCCCCAACCCTTTTCCCCCTCGTCTCCTGTGAGAATTCCCCGTCGGATACGAGCAGCGTG	F	T	IGHV7-4-1*02	IGHD3-10*01	IGHJ4*02	CAGGTGCAGCTGGTGCAATCTGGGTCT...GAGTTGAAGAAGCCTGGGGCCTCAGTGAAGGTTTCCTGCAAGGCTTCTGGATACACCTTC............ACTAGCTATGCTATGAATTGGGTGCGACAGGCCCCTGGACAAGGGCTTGAGTGGATGGGATGGATCAACACCAAC......ACTGGGAACCCAACGTATGCCCAGGGCTTCACA...GGACGGTTTGTCTTCTCCTTGGACACCTCTGTCAGCACGGCATATCTGCAGATCAGCAGCCTAAAGGCTGAGGACACTGCCGTGTATTACTGTGCGAGAGATCTGGTTCGGGGAGTTATTATACGTCAGGGGGGAATCGGCTACTGGGGCCAGGGAACCCTGGTCACCGTCTCCTCAG	CAGGTGCAGCTGGTGCAATCTGGGTCT...GAGTTGAAGAAGCCTGGGGCCTCAGTGAAGGTTTCCTGCAAGGCTTCTGGATACACCTTC............ACTAGCTATGCTATGAATTGGGTGCGACAGGCCCCTGGACAAGGGCTTGAGTGGATGGGATGGATCAACACCAAC......ACTGGGAACCCAACGTATGCCCAGGGCTTCACA...GGACGGTTTGTCTTCTCCTTGGACACCTCTGTCAGCACGGCATATCTGCAGATCAGCAGCCTAAAGGCTGAGGACACTGCCGTGTATTACTGTGCGAGAGANNTGGTTCGGGGAGTTATTATANNNNNNNNNNNNNNNNNCTACTGGGGCCAGGGAACCCTGGTCACCGTCTCCTCAG	TGTGCGAGAGATCTGGTTCGGGGAGTTATTATACGTCAGGGGGGAATCGGCTACTGG	CARDLVRGVIIRQGGIGYW	106S296=	404S9N20=	441S10N38=	F	T	IGH		57	2	17.0	107	402	1	320	405.0	424.0	10.0	29.0	442	479	11	48	42	CAGGTGCAGCTGGTGCAATCTGGGTCT...GAGTTGAAGAAGCCTGGGGCCTCAGTGAAGGTTTCCTGCAAGGCTTCTGGATACACCTTC............ACTAGCTATGCTATGAATTGGGTGCGACAGGCCCCTGGACAAGGGCTTGAGTGGATGGGATGGATCAACACCAAC......ACTGGGAACCCAACGTATGCCCAGGGCTTCACA...GGACGGTTTGTCTTCTCCTTGGACACCTCTGTCAGCACGGCATATCTGCAGATCAGCAGCCTAAAGGCTGAGGACACTGCCGTGTATTACTGTGCGAGAGANNNNNNNNNNNNNNNNNNNNNNNNNNNNNNNNNNNNNNNCTACTGGGGCCAGGGAACCCTGGTCACCGTCTCCTCAG	IGHV7-4-1*02	IGHD3-10*01	IGHJ4*02
AAACCTGTCATCTGTT-1_contig_1_1018.fasta	AGCACTGGGATTCCGAGGTGTTTCCATTCGGTGATCAGCACTGAACACAGAGGACTCACCATGGAGTTTTGGCTGAGCTGGGTTTTCCTTGTTGCTATTTTAAAAGGTGTCCAGTGTGAGGTGCAGCTGGTGGAGTCTGGAGGAGGCTTGGTCCAGCCTGGGGGGTCCCTGAGACTCTCCTGTGCAGCCTCTGGGTTCACCGTCAGTAGCAACTACATGAGCTGGGTCCGCCAGGCTCCAGGGAAGGGGCTGGAGTGGGTCTCAGTTATTTATAGCGGTGGTAGCACATACTACGCAGACTCCGTGAAGGGCCGATTCACCATCTCCAGACACAATTCCAAGAACACGCTGTATCTTCAAATGAACAGCCTGAGAGCTGAGGACACGGCCGTGTATTACTGTGCGAGAGGGCGCGATACTATGGTTCGGGACCGAAAAACTAAAAACTACTACTACGGTATGGACGTCTGGGGCCAAGGGACCACGGTCACCGTCTCCTCAGGGAGTGCATCCGCCCCAACCCTTTTC	F	T	IGHV3-53*04	IGHD3-10*01	IGHJ6*02	GAGGTGCAGCTGGTGGAGTCTGGAGGA...GGCTTGGTCCAGCCTGGGGGGTCCCTGAGACTCTCCTGTGCAGCCTCTGGGTTCACCGTC............AGTAGCAACTACATGAGCTGGGTCCGCCAGGCTCCAGGGAAGGGGCTGGAGTGGGTCTCAGTTATTTATAGCGGT.........GGTAGCACATACTACGCAGACTCCGTGAAG...GGCCGATTCACCATCTCCAGACACAATTCCAAGAACACGCTGTATCTTCAAATGAACAGCCTGAGAGCTGAGGACACGGCCGTGTATTACTGTGCGAGAGGGCGCGATACTATGGTTCGGGACCGAAAAACTAAAAACTACTACTACGGTATGGACGTCTGGGGCCAAGGGACCACGGTCACCGTCTCCTCA	GAGGTGCAGCTGGTGGAGTCTGGAGGA...GGCTTGGTCCAGCCTGGGGGGTCCCTGAGACTCTCCTGTGCAGCCTCTGGGTTCACCGTC............AGTAGCAACTACATGAGCTGGGTCCGCCAGGCTCCAGGGAAGGGGCTGGAGTGGGTCTCAGTTATTTATAGCGGT.........GGTAGCACATACTACGCAGACTCCGTGAAG...GGCCGATTCACCATCTCCAGACACAATTCCAAGAACACGCTGTATCTTCAAATGAACAGCCTGAGAGCTGAGGACACGGCCGTGTATTACTGTGCGAGAGNNNNNNNTACTATGGTTCGGGNNNNNNNNNNNNNNNACTACTACTACGGTATGGACGTCTGGGGCCAAGGGACCACGGTCACCGTCTCCTCA	TGTGCGAGAGGGCGCGATACTATGGTTCGGGACCGAAAAACTAAAAACTACTACTACGGTATGGACGTCTGG	CARGRDTMVRDRKTKNYYYGMDVW	117S292=	416S4N14=	445S6N56=	F	T	IGH		72	7	15.0	118	409	1	319	417.0	430.0	5.0	18.0	446	501	7	62	1	GAGGTGCAGCTGGTGGAGTCTGGAGGA...GGCTTGGTCCAGCCTGGGGGGTCCCTGAGACTCTCCTGTGCAGCCTCTGGGTTCACCGTC............AGTAGCAACTACATGAGCTGGGTCCGCCAGGCTCCAGGGAAGGGGCTGGAGTGGGTCTCAGTTATTTATAGCGGT.........GGTAGCACATACTACGCAGACTCCGTGAAG...GGCCGATTCACCATCTCCAGACACAATTCCAAGAACACGCTGTATCTTCAAATGAACAGCCTGAGAGCTGAGGACACGGCCGTGTATTACTGTGCGAGAGNNNNNNNNNNNNNNNNNNNNNNNNNNNNNNNNNNNNACTACTACTACGGTATGGACGTCTGGGGCCAAGGGACCACGGTCACCGTCTCCTCA	IGHV3-53*04	IGHD3-10*01	IGHJ6*02
TCATTTGAGCACAGGT-1_contig_1_1017.fasta	AATTAGGACTCCTCAGGTCACCTTCTCACAATGAGGCTCCTTGCTCAGCTTCTGGGGCTGCTAATGCTCTGGGTCCCTGGATCCAGTGGGGATATTGTGATGACCCAGACTCCACTCTCCTCACCTGTCACCCTTGGACAGCCGGCCTCCATCTCCTGCAGGTCTAGTCAAAGCCTCGTACACAGTGATGGAAACACCTACTTGAGTTGGCTTCAGCAGAGGCCAGGCCAGCCTCCAAGACTCCTAATTTATAAGATTTCTAACCGGTTCTCTGGGGTCCCAGACAGATTCAGTGGCAGTGGGGCAGGGACAGATTTCACACTGAAAATCAGCAGGGTGGAAGCTGAGGATGTCGGGGTTTATTACTGCATGCAAGCTACACAATTTCCTCGGACGTTCGGCCAAGGGACCAAGGTGGAAATCAAACGAACTGTGGCTGCACCATCTGTCTTCATCTTCCCGCCATCTGATGAGCAGTTGAAATCTGGAACTGCCTCTGTTGTGTGCCTGCTGAATAACTTCTATCCCAGAGAGGCCAAAGTACAGTGGAAGGTGGATAACGC	F	T	IGHV3-64*03,IGHV3-64*05,IGHV3-64D*06		IGKJ1*01	............................................................................................................................................................................................................................................................................AAATCAGCAGGGTGGAAGCTGAGGATGTCGGGGTTTATTACTGCATGCAAGCTACACAATTTCCTCGGACGTTCGGCCAAGGGACCAAGGTGGAAATCAAAC	GAGGTGCAGCTGGTGGAGTCTGGGGGA...GGCTTGGTCCAGCCTGGGGGGTCCCTGAGACTCTCCTGTTCAGCCTCTGGATTCACCTTC............AGTAGCTATGCTATGCACTGGGTCCGCCAGGCTCCAGGGAAGGGACTGGAATATGTTTCAGCTATTAGTAGTAAT......GGGGGTAGCACATACTACGCAGACTCAGTGAAG...GGCAGATTCACCATCTCCAGAGACAATTCCAAGAACACGCTGTATGTCCAAATGAGCAGTCTGAGAGCTGAGGACACGGCTGTGTATTACTGTGTGAAAGNNNNNNNNNNNNNNNGGACGTTCGGCCAAGGGACCAAGGTGGAAATCAAAC	TGCATGCAAGCTACACAATTTCCTCGGACGTTC	CMQATQFPRTF	325S244N4=1X5=2X2=2X9=4X1=2X2=1X8=2X2=1X3=		391S2N36=	F	T	IGK		33	15		326	376	1	319					392	427	3	38	3	GAGGTGCAGCTGGTGGAGTCTGGGGGA...GGCTTGGTCCAGCCTGGGGGGTCCCTGAGACTCTCCTGTTCAGCCTCTGGATTCACCTTC............AGTAGCTATGCTATGCACTGGGTCCGCCAGGCTCCAGGGAAGGGACTGGAATATGTTTCAGCTATTAGTAGTAAT......GGGGGTAGCACATACTACGCAGACTCAGTGAAG...GGCAGATTCACCATCTCCAGAGACAATTCCAAGAACACGCTGTATGTCCAAATGAGCAGTCTGAGAGCTGAGGACACGGCTGTGTATTACTGTGTGAAAGNNNNNNNNNNNNNNNGGACGTTCGGCCAAGGGACCAAGGTGGAAATCAAAC	IGHV3-64*03		IGKJ1*01
ACAGCCGCAAATCCGT-1_contig_2_1017.fasta	AGGAGTCAGACCCTGTCAGGACACAGCATGGACATGAGGGTCCCCGCTCAGCTCCTGGGGCTCCTGCTGCTCTGGCTCCCAGGTGCCAGATGTGCCATCCGGATAACCCAGTCTCCATCCTCACTCTCTGCATCTACAGGAGACAGAGTCACCATCACTTGTCGGGCGAGTCAGGGTATTAGCAGTTATTTAGCCTGGTATCAGCAAAAACCAGGGAAAGCCCCTAAGCTCCTGATCTATGCTGCATCCACTTTGCAAAGTGGGGTCCCATCAAGGTTCAGCGGCAGTGGATCTGGGACAGATTTCACTCTCACCATCAGCTGCCTGCAGTCTGAAGATTTTGCAACTTATTACTGTCAACAGTATTATACTCACCCGCTCACTTTCGGCGGAGGGACCAAGGTGGAGATCAAACGAACTGTGGCTGCACCATCTGTCTTCATCTTCCCGCCATCTGATGAGCAGTTGAAATCTGGAACTGCCTCTGTTGTGTGCCTGCTGAATAACTTCTATCCCAGAGAGGCCAAAGTACAGTGGAAGGTGGATAACGC	F	T	IGHV7-81*01		IGKJ4*01	..............................................................................................................................................................................................................................................................................ATCAGCTGCCTGCAGTCTGAAGATTTTGCAACTTATTACTGTCAACAGTATTATACTCACCCGCTCACTTTCGGCGGAGGGACCAAGGTGGAGATCAAAC	CAGGTGCAGCTGGTGCAGTCTGGCCAT...GAGGTGAAGCAGCCTGGGGCCTCAGTGAAGGTCTCCTGCAAGGCTTCTGGTTACAGTTTC............ACCACCTATGGTATGAATTGGGTGCCACAGGCCCCTGGACAAGGGCTTGAGTGGATGGGATGGTTCAACACCTAC......ACTGGGAACCCAACATATGCCCAGGGCTTCACA...GGACGGTTTGTCTTCTCCATGGACACCTCTGCCAGCACAGCATACCTGCAGATCAGCAGCCTAAAGGCTGAGGACATGGCCATGTATTACTGTNNNNNNNNNNNNNNNNNNNNGCTCACTTTCGGCGGAGGGACCAAGGTGGAGATCAAAC	TGTCAACAGTATTATACTCACCCGCTCACTTTC	CQQYYTHPLTF	315S246N6=1X4=2X2=1X4=1X2=2X1=1X2=1X1=2X9=		377S38=	F	T	IGK		33	20		316	357	1	312					378	415	1	38	34	CAGGTGCAGCTGGTGCAGTCTGGCCAT...GAGGTGAAGCAGCCTGGGGCCTCAGTGAAGGTCTCCTGCAAGGCTTCTGGTTACAGTTTC............ACCACCTATGGTATGAATTGGGTGCCACAGGCCCCTGGACAAGGGCTTGAGTGGATGGGATGGTTCAACACCTAC......ACTGGGAACCCAACATATGCCCAGGGCTTCACA...GGACGGTTTGTCTTCTCCATGGACACCTCTGCCAGCACAGCATACCTGCAGATCAGCAGCCTAAAGGCTGAGGACATGGCCATGTATTACTGTNNNNNNNNNNNNNNNNNNNNGCTCACTTTCGGCGGAGGGACCAAGGTGGAGATCAAAC	IGHV7-81*01		IGKJ4*01
TTCCCAGTCTGGTTCC-1_contig_1_1017.fasta	AGACCCAGTCAGGACACAGCATGGACATGAGGGTCCCCGCTCAGCTCCTGGGGCTCCTGCTGCTCTGGTTCCCAGGTTCCAGATGCGACATCCAGATGACCCAGTCTCCATCTTCCGTGTCTGCATCTGTAGGAGACAGAGTCACCATCACTTGTCGGGCGAGTCAGGGTATTAGCAGCTGGTTAGCCTGGTATCAGCAGAAACCAGGGAAAGCCCCTAAGCTCCTGATCTATGCTGCATCCAGTTTGCAAAGTGGGGTCCCATCAAGGTTCAGCGGCAGTGGATCTGGGACAGATTTCACTCTCACCATCAGCAGCCTGCAGCCTGAAGATTTTGCAACTTACTATTGTCAACAGGCTAACAGTTTCCCGCTCACTTTCGGCGGAGGGACCAAGGTGGAGATCAAACGAACTGTGGCTGCACCATCTGTCTTCATCTTCCCGCCATCTGATGAGCAGTTGAAATCTGGAACTGCCTCTGTTGTGTGCCTGCTGAATAACTTCTATCCCAGAGAGGCCAAAGTACAGTGGAAGGTGGATAACGC	F	T	IGHV7-81*01		IGKJ4*01	..............................................................................................................................................................................................................................................................................ATCAGCAGCCTGCAGCCTGAAGATTTTGCAACTTACTATTGTCAACAGGCTAACAGTTTCCCGCTCACTTTCGGCGGAGGGACCAAGGTGGAGATCAAAC	CAGGTGCAGCTGGTGCAGTCTGGCCAT...GAGGTGAAGCAGCCTGGGGCCTCAGTGAAGGTCTCCTGCAAGGCTTCTGGTTACAGTTTC............ACCACCTATGGTATGAATTGGGTGCCACAGGCCCCTGGACAAGGGCTTGAGTGGATGGGATGGTTCAACACCTAC......ACTGGGAACCCAACATATGCCCAGGGCTTCACA...GGACGGTTTGTCTTCTCCATGGACACCTCTGCCAGCACAGCATACCTGCAGATCAGCAGCCTAAAGGCTGAGGACATGGCCATGTATTACTGTNNNNNNNNNNNNNNNNNNNNGCTCACTTTCGGCGGAGGGACCAAGGTGGAGATCAAAC	TGTCAACAGGCTAACAGTTTCCCGCTCACTTTC	CQQANSFPLTF	308S246N11=2X2=1X4=1X2=2X1=1X2=1X1=2X2=1X2=1X3=		370S38=	F	T	IGK		33	20		309	350	1	312					371	408	1	38	32	CAGGTGCAGCTGGTGCAGTCTGGCCAT...GAGGTGAAGCAGCCTGGGGCCTCAGTGAAGGTCTCCTGCAAGGCTTCTGGTTACAGTTTC............ACCACCTATGGTATGAATTGGGTGCCACAGGCCCCTGGACAAGGGCTTGAGTGGATGGGATGGTTCAACACCTAC......ACTGGGAACCCAACATATGCCCAGGGCTTCACA...GGACGGTTTGTCTTCTCCATGGACACCTCTGCCAGCACAGCATACCTGCAGATCAGCAGCCTAAAGGCTGAGGACATGGCCATGTATTACTGTNNNNNNNNNNNNNNNNNNNNGCTCACTTTCGGCGGAGGGACCAAGGTGGAGATCAAAC	IGHV7-81*01		IGKJ4*01
GACGGCTAGTAGATGT-1_contig_2_1017.fasta	GCTGGGGTCTCAGGAGGCAGCGCTCTGGGGACGTCTCCACCATGGCCTGGGCTCTGCTCCTCCTCACCTCCTCACTCAGGGCACAGGTGACGCCTCCAGGGAAGGGGCCTCGGGGACCCTTGGGCTGATCCTTGGTCTCCTGCTCCTCAGGCTCACCTGGGCCCAGCACTGACTCACTAGAGTGTGTTTCTCCCTCTTTCCAGGCTCTTGGGCCCAGTCTGCCCTGATTCAGCCTCCCTCCGTGTCCGGGTCTCCTGGACAGGCAGTCACCATCTCCTGCACTGGATCCAGCATTGATGTTGGGAGTTGTGACTATGTCTCCTGGTGCCAACGACACCCAGCCACAGTCCCCAAACCCATGATCAACAATGTCAATCATCGCCCCTCTGGGGTCCCTGATCGCTTTTGTGGCTCCAAGTCTGTCAGTGCGGCCTCCATGGCCATCTCTGGACTCCAGGCTGAGGACGAGGCTGATTATTAGTGCTGCTCATATACAAGCAGTGCCACTTTATGTCTTCGGACCTGGGACCAAGGTCGCCGTCCTAGGTCAGCCCAAGGCCAACCCCACTGTCACTCTGTTCCCGCCCTCCTCTGAGGAGCTCCAAGCCAACAAGGCCACACTAGTGTGTCTGATCAGTGACTTCTACCCGGGAGCTGTGACAGTGGCCTGGAAGGCAGATGGCAGCCCCGTCAAGGCGGGAGTGGAGACCACCAAACCCTCCAAACAGAGCAACAACAAGTACGCGGCCAGCAGCTA	F	F	IGHV7-34-1*01,IGHV7-34-1*02,IGHV7-34-1*03		IGLJ1*01	..................................................................................................................................................................................................................................................CAAGTCTGTCAGTGCGGCCTCCATGGCCATCTCTGGACTCCAGGCTGAGGACGAGGCTGATTATTAGTGCTGCTCATATACAAGCAGTGCCACTTTATGTCTTCGGACCTGGGACCAAGGTCGCCGTCCTAG	...CTGCAGCTGGTGCAGTCTGGGCCT...GAGGTGAAGAAGCCTGGGGCCTCAGTGAAGGTCTCCTATAAGTCTTCTGGTTACACCTTC............ACCATCTATGGTATGAATTGGGTATGATAGACCCCTGGACAGGGCTTTGAGTGGATGTGATGGATCATCACCTAC......ACTGGGAACCCAACGTATACCCACGGCTTCACA...GGATGGTTTGTCTTCTCCATGGACACGTCTGTCAGCACGGCGTGTCTTCAGATCAGCAGCCTAAAGGCTGAGGACACGGCCGAGTATTACTGNNNNNNNNNNNNNNNNNNNNNNNNNTTATGTCTTCGGAACTGGGACCAAGGTCACCGTCCTAG	TGCTGCTCATATACAAGCAGTGCCACTTTATGTCTTC	CCSYTSSATLCL	414S215N2=1X9=2X4=1X1=3X1=4X3=4X1=1X2=2X11=2X3=1X2=1X5=1X2=		508S13=1X14=1X9=	T	F	IGL		37	25		415	483	1	311					509	546	1	38	216	...CTGCAGCTGGTGCAGTCTGGGCCT...GAGGTGAAGAAGCCTGGGGCCTCAGTGAAGGTCTCCTATAAGTCTTCTGGTTACACCTTC............ACCATCTATGGTATGAATTGGGTATGATAGACCCCTGGACAGGGCTTTGAGTGGATGTGATGGATCATCACCTAC......ACTGGGAACCCAACGTATACCCACGGCTTCACA...GGATGGTTTGTCTTCTCCATGGACACGTCTGTCAGCACGGCGTGTCTTCAGATCAGCAGCCTAAAGGCTGAGGACACGGCCGAGTATTACTGNNNNNNNNNNNNNNNNNNNNNNNNNTTATGTCTTCGGAACTGGGACCAAGGTCACCGTCCTAG	IGHV7-34-1*01		IGLJ1*01
GGAACTTTCATGTCTT-1_contig_3_1017.fasta	AGCTTCAGCTGTGGTAGAGAAGACAGGATTCAGGACAATCTCCAGCATGGCCGGCTTCCCTCTCCTCCTCACCCTCCTCACTCACTGTGCAGGTGACAGGATGGGGACCAAGAGAGGGGCCCTGGGAAGCCCGCCCTGCTTTCTCCTCTTGTCTCCTTTTGTCTCTTGTCAATCGCCATGTCTGTGTCTCTCTCACTTCCAGGGTCCTGGGGCCAGTCTGTGCTGACTCAGCCACCCTCAGCGTCTGGGACCCCCGGGCAGAGGGTCGCCATCCCCTCTTCTGGAAGCATCTCCAATGTCGGGAATGATTTTGTTTATTGGTAACAGCAGGTCCCAGGAACGGCCCCCAAAGTCCTCATCTAAGCCAATGATGAGAGGCCCTCAGGGGTCCCTGACCGAATCTCTGTCTCCAAGTCTGGCACCTCACCCTCCCCGGCCATCAGTGGTCTCCGGTCCGAGGAGGAGACTGATTATTACTGTGCAGCCTGGGATGACAGGTTAGTATTTCTGTCTTCGAAACTGGGACCCAGGTCCCCGTCCTTGGAAAGAGACTCTCAACCTTTGCTGCCTTTCTCACCCTCTACTGTCCCTGAACTCTGTTTTGTCTCTCTGGGGCT	F	F	IGHV3-74*01,IGHV3-74*02,IGHV3-74*03		IGLJ1*01	.....................................................................................................................................................................................................................................................................................GTCTCCGGTCCGAGGAGGAGACTGATTATTACTGTGCAGCCTGGGATGACAGGTTAGTATTTCTGTCTTCGAAACTGGGACCCAGGTCCCCGTCCT	GAGGTGCAGCTGGTGGAGTCCGGGGGA...GGCTTAGTTCAGCCTGGGGGGTCCCTGAGACTCTCCTGTGCAGCCTCTGGATTCACCTTC............AGTAGCTACTGGATGCACTGGGTCCGCCAAGCTCCAGGGAAGGGGCTGGTGTGGGTCTCACGTATTAATAGTGAT......GGGAGTAGCACAAGCTACGCGGACTCCGTGAAG...GGCCGATTCACCATCTCCAGAGACAACGCCAAGAACACGCTGTATCTGCAAATGAACAGTCTGAGAGCCGAGGACACGGCTGTGTATTACTGTGCANNNNNNNNNNNNNNNNNNNNNNNNNTGTCTTCGGAACTGGGACCAAGGTCACCGTCCT	TGTGCAGCCTGGGATGACAGGTTAGTATTTCTGTCTTC	CAAWDDRLVFLS	445S253N4=2X1=2X7=3X1=1X3=2X12=		508S3N8=1X10=1X5=1X7=	T	F	IGL		38	25		446	483	1	315					509	541	4	36	217	GAGGTGCAGCTGGTGGAGTCCGGGGGA...GGCTTAGTTCAGCCTGGGGGGTCCCTGAGACTCTCCTGTGCAGCCTCTGGATTCACCTTC............AGTAGCTACTGGATGCACTGGGTCCGCCAAGCTCCAGGGAAGGGGCTGGTGTGGGTCTCACGTATTAATAGTGAT......GGGAGTAGCACAAGCTACGCGGACTCCGTGAAG...GGCCGATTCACCATCTCCAGAGACAACGCCAAGAACACGCTGTATCTGCAAATGAACAGTCTGAGAGCCGAGGACACGGCTGTGTATTACTGTGCANNNNNNNNNNNNNNNNNNNNNNNNNTGTCTTCGGAACTGGGACCAAGGTCACCGTCCT	IGHV3-74*01		IGLJ1*01
CTTAACTCAGGGAGAG-1_contig_3_1017.fasta	CTTAACTCAGGGAGAGCGAACATGCATGTCGTATATGGGGGCTGGGGTCTCAGGAGGCAGCGCTCTCGGGACGTCTCCACCATGGCCTGGGCTCTGCTGCTCCTCACCCTCCTCACTCAGGGCACAGGGTCCTGGGCCCAGTCTGCCCTGACTCAGCCTGCCTCCGTGTCTGGGTCTCCTGGACAGTCGATCACCATCTCCTGCACTGGAACCAGCAGTGACGTTGGTGGTTATAACTTTGTCTCCTGGTACCAACACCACCCAGGCAAAGCCCCCAAACTCATGATTTATGATGTCAGTAAGCGGCCCTCAGGGGTTTCTAATCGCTTCTCTGGCTCCAAGTCTGGCAACACGGCCTCCCTGACCATCTCTGGGCTCCAGGCTGAGGACGAGGCTGATAATTACTCCAGCTCATATACAAACAGCAGCTCTTTGACGTCTTCGCAACTGGGACCAAGGTCACCGTCCTAGGTCAGCCCAAGGCCAACCCCACTGTCACTCTGTTCCCGCCCTCCTCTGAGGAGCTCCAAGCCAACAAGGCCACACTAGTGTGTCTGATCAGTGACTTCTACCCGGGAGCTGTGACAGTGGCCTGGAAGGCAGATGGCAGCCCCGTCAAGGCGGGAGTGGAGACCACCAAACCCTCCAAACAGAGCAACAACAAGTACGCGGCCAGCAGCTA	F	F	IGHV7-34-1*01,IGHV7-34-1*02,IGHV7-34-1*03		IGLJ1*01	..................................................................................................................................................................................................................................................CAAGTCTGGCAACACGGCCTCCCTGACCATCTCTGGGCTCCAGGCTGAGGACGAGGCTGATAATTACTCCAGCTCATATACAAACAGCAGCTCTTTGACGTCTTCGCAACTGGGACCAAGGTCACCGTCCTAG	...CTGCAGCTGGTGCAGTCTGGGCCT...GAGGTGAAGAAGCCTGGGGCCTCAGTGAAGGTCTCCTATAAGTCTTCTGGTTACACCTTC............ACCATCTATGGTATGAATTGGGTATGATAGACCCCTGGACAGGGCTTTGAGTGGATGTGATGGATCATCACCTAC......ACTGGGAACCCAACGTATACCCACGGCTTCACA...GGATGGTTTGTCTTCTCCATGGACACGTCTGTCAGCACGGCGTGTCTTCAGATCAGCAGCCTAAAGGCTGAGGACACGGCCGAGTATTACTNNNNNNNNNNNNNNNNNNNNNNNNNNNNNNNGTCTTCGGAACTGGGACCAAGGTCACCGTCCTAG	TCCAGCTCATATACAAACAGCAGCTCTTTGACGTCTTC	SSSYTNSSSLTS	338S215N2=1X5=1X2=1X6=1X1=2X2=4X3=4X1=1X2=2X11=2X3=1X2=2X6=		437S4N7=1X26=	T	F	IGL		38	31		339	406	1	310					438	471	5	38	218	...CTGCAGCTGGTGCAGTCTGGGCCT...GAGGTGAAGAAGCCTGGGGCCTCAGTGAAGGTCTCCTATAAGTCTTCTGGTTACACCTTC............ACCATCTATGGTATGAATTGGGTATGATAGACCCCTGGACAGGGCTTTGAGTGGATGTGATGGATCATCACCTAC......ACTGGGAACCCAACGTATACCCACGGCTTCACA...GGATGGTTTGTCTTCTCCATGGACACGTCTGTCAGCACGGCGTGTCTTCAGATCAGCAGCCTAAAGGCTGAGGACACGGCCGAGTATTACTNNNNNNNNNNNNNNNNNNNNNNNNNNNNNNNGTCTTCGGAACTGGGACCAAGGTCACCGTCCTAG	IGHV7-34-1*01		IGLJ1*01
CCCATACTCCGCATAA-1_contig_2_1017.fasta	GATAAATACTTTCTGAGACTCATGGACCTCCTGCACAAGAACATGAAACACCTGTGGTTCTTCCTCCTCCTGGTGGCAGCTCCCAGATGGGTCCTGTCCCAGGTGCAGCTGCAGGAGTCGGGCCCAGGACTGGTGAAGCCTTCGGAGACCCTGTCCCTCACCTGCACTGTCTCTGGTGGCTCCATCAGTAGTTACTACTGGAGCTGGATCCGGCAGCCCGCCGGGAAGGGACTGGAGTGGATTGGGCGTATCTATACCAGTGGGAGCACCAACTACAACCCCTCCCTCAAGAGTCGAGTCACCATGTCAGTAGACACGTCCAAGAACCAGTTCTCCCTGAAGCTGAGCTCTGTGACCGCCGCGGACACGGCCGTGTATTACTGTGCGAGAGATGGCAGCGGAGGGAGTGGGAGCTACTACGACGACGCTTTTGATATCTGGGGCCAAGGGACAATGGTCACCGTCTCTTCAGGGAGTGCATCCGCCCCAACCCTTTTCCCCCTCGTCTCCTGTGAGAATTCCCCGTCGGATACGAGCAGCGTG	F	T	IGHV4-4*07	IGHD1-26*01	IGHJ3*02	CAGGTGCAGCTGCAGGAGTCGGGCCCA...GGACTGGTGAAGCCTTCGGAGACCCTGTCCCTCACCTGCACTGTCTCTGGTGGCTCCATC............AGTAGTTACTACTGGAGCTGGATCCGGCAGCCCGCCGGGAAGGGACTGGAGTGGATTGGGCGTATCTATACCAGT.........GGGAGCACCAACTACAACCCCTCCCTCAAG...AGTCGAGTCACCATGTCAGTAGACACGTCCAAGAACCAGTTCTCCCTGAAGCTGAGCTCTGTGACCGCCGCGGACACGGCCGTGTATTACTGTGCGAGAGATGGCAGCGGAGGGAGTGGGAGCTACTACGACGACGCTTTTGATATCTGGGGCCAAGGGACAATGGTCACCGTCTCTTCAG	CAGGTGCAGCTGCAGGAGTCGGGCCCA...GGACTGGTGAAGCCTTCGGAGACCCTGTCCCTCACCTGCACTGTCTCTGGTGGCTCCATC............AGTAGTTACTACTGGAGCTGGATCCGGCAGCCCGCCGGGAAGGGACTGGAGTGGATTGGGCGTATCTATACCAGT.........GGGAGCACCAACTACAACCCCTCCCTCAAG...AGTCGAGTCACCATGTCAGTAGACACGTCCAAGAACCAGTTCTCCCTGAAGCTGAGCTCTGTGACCGCCGCGGACACGGCCGTGTATTACTGTGCGAGAGANNNNNNNNNNNNNAGTGGGAGCTACTACNNNNNNGCTTTTGATATCTGGGGCCAAGGGACAATGGTCACCGTCTCTTCAG	TGTGCGAGAGATGGCAGCGGAGGGAGTGGGAGCTACTACGACGACGCTTTTGATATCTGG	CARDGSGGSGSYYDDAFDIW	99S293=	405S5N15=	426S4N46=	F	T	IGH		60	13	6.0	100	392	1	320	406.0	420.0	6.0	20.0	427	472	5	50	219	CAGGTGCAGCTGCAGGAGTCGGGCCCA...GGACTGGTGAAGCCTTCGGAGACCCTGTCCCTCACCTGCACTGTCTCTGGTGGCTCCATC............AGTAGTTACTACTGGAGCTGGATCCGGCAGCCCGCCGGGAAGGGACTGGAGTGGATTGGGCGTATCTATACCAGT.........GGGAGCACCAACTACAACCCCTCCCTCAAG...AGTCGAGTCACCATGTCAGTAGACACGTCCAAGAACCAGTTCTCCCTGAAGCTGAGCTCTGTGACCGCCGCGGACACGGCCGTGTATTACTGTGCGAGAGANNNNNNNNNNNNNNNNNNNNNNNNNNNNNNNNNNGCTTTTGATATCTGGGGCCAAGGGACAATGGTCACCGTCTCTTCAG	IGHV4-4*07	IGHD1-26*01	IGHJ3*02
GTACGTAGTATAGGGC-1_contig_2_1017.fasta	AGCTCTGGGAGAGGAGCCCCAGCCCTGAGATTCCCAGGTGTTTCCATTCAGTGATCAGCACTGAACACAGAGGACTCACCATGGAATTGGGACTGAGCTGGATTTTCCTTTTGGCTATTTTAAAAGGTGTCCAGTGTGAAGTGCAGCTGGTGGAGTCTGGGGGAGGCTTGGTACAGCCTGGCAGGTCCCTGAGACTCTCCTGTACAGCCTCTGGATTCACCTTTGATGATTATGCCATGCACTGGGTCCGGCAAGCTCCAGGGAAGGGCCTGGAGTGGGTCTCAGGTATTAGTTGGAATAGTGGTAGCATAGGCTATGCGGACTCTGTGAAGGGCCGATTCACCATCTCCAGAGACAACGCCAAGAACTCCCTGTATCTGCAAATGAACAGTCTGAGAGCTGAGGACACGGCCTTGTATTACTGTGCAAAAGATAGGGGAAGTGGGAGTTACTACAAGTCAGATGGTTTTGATATCTGGGGCCAAGGGACAATGGTCACCGTCTCTTCAGGGAGTGCATCCGCCCCAACCCTTTTCCCCCTCGTCTCCTGTGAGAATTCCCCGTCGGATACGAGCAGCGTG	F	T	IGHV3-9*01	IGHD1-26*01	IGHJ3*02	GAAGTGCAGCTGGTGGAGTCTGGGGGA...GGCTTGGTACAGCCTGGCAGGTCCCTGAGACTCTCCTGTACAGCCTCTGGATTCACCTTT............GATGATTATGCCATGCACTGGGTCCGGCAAGCTCCAGGGAAGGGCCTGGAGTGGGTCTCAGGTATTAGTTGGAAT......AGTGGTAGCATAGGCTATGCGGACTCTGTGAAG...GGCCGATTCACCATCTCCAGAGACAACGCCAAGAACTCCCTGTATCTGCAAATGAACAGTCTGAGAGCTGAGGACACGGCCTTGTATTACTGTGCAAAAGATAGGGGAAGTGGGAGTTACTACAAGTCAGATGGTTTTGATATCTGGGGCCAAGGGACAATGGTCACCGTCTCTTCAG	GAAGTGCAGCTGGTGGAGTCTGGGGGA...GGCTTGGTACAGCCTGGCAGGTCCCTGAGACTCTCCTGTGCAGCCTCTGGATTCACCTTT............GATGATTATGCCATGCACTGGGTCCGGCAAGCTCCAGGGAAGGGCCTGGAGTGGGTCTCAGGTATTAGTTGGAAT......AGTGGTAGCATAGGCTATGCGGACTCTGTGAAG...GGCCGATTCACCATCTCCAGAGACAACGCCAAGAACTCCCTGTATCTGCAAATGAACAGTCTGAGAGCTGAGGACACGGCCTTGTATTACTGTGCAAAAGATANNNNNAGTGGGAGCTACTACNNNNNNGATGCTTTTGATATCTGGGGCCAAGGGACAATGGTCACCGTCTCTTCAG	TGTGCAAAAGATAGGGGAAGTGGGAGTTACTACAAGTCAGATGGTTTTGATATCTGG	CAKDRGSGSYYKSDGFDIW	137S66=1X231=	440S5N8=1X6=	461S1N4=1X44=	F	T	IGH		57	5	6.0	138	435	1	322	441.0	455.0	6.0	20.0	462	510	2	50	22	GAAGTGCAGCTGGTGGAGTCTGGGGGA...GGCTTGGTACAGCCTGGCAGGTCCCTGAGACTCTCCTGTGCAGCCTCTGGATTCACCTTT............GATGATTATGCCATGCACTGGGTCCGGCAAGCTCCAGGGAAGGGCCTGGAGTGGGTCTCAGGTATTAGTTGGAAT......AGTGGTAGCATAGGCTATGCGGACTCTGTGAAG...GGCCGATTCACCATCTCCAGAGACAACGCCAAGAACTCCCTGTATCTGCAAATGAACAGTCTGAGAGCTGAGGACACGGCCTTGTATTACTGTGCAAAAGATANNNNNNNNNNNNNNNNNNNNNNNNNNGATGCTTTTGATATCTGGGGCCAAGGGACAATGGTCACCGTCTCTTCAG	IGHV3-9*01	IGHD1-26*01	IGHJ3*02
TGTGTTTAGGAGTTTA-1_contig_1_1017.fasta	ATACTTTCTGAGAGTCCTGGACCTCCTGTGCAAGAACATGAAACATCTGTGGTTCTTCCTTCTCCTGGTGGCAGCTCCCAGATGGGTCCTGTCCCAGGTGCAGCTGCAGGAGTCGGGCCCAGGACTGGTGAAGCCTTCGGAGACCCTGTCCCTCACCTGCACTGTCTCTGGTGACTCCGTCAGCGGTGGTAATTACTACTGGACCTGGATCCGGCAGCCCCCAGGGAAGGGACTGGAGTGGATTGGCTGTATTCATTACAGTGGGAGCACCAAGTCCAGCCCCTCCCTCAAGAGTCGAGTCACCCTATCAGTAGACAGGTCCAAAAACCAGTTCTCCCTGAAGCTGAGCTCTGTGACCGCTGCGGACACGGCCGTGTATTACTGTGCGAGAGGCGTCGAATATGAAAGTAGTGGTTATTTCCCTGATTCTTTTGATATCTGGGGCCAAGGGACAATGGTCACCGTCTCTTCAGCATCCCCGACCAGCCCCAAGGTCTTCCCGCTGAGCCTCTGCAGCACCCAGCCAGATGGGAACGTGGTCATCGCCTGCCTGGTCCAGGGCTTCTTCCCCCAGGAGCCACTCAGTGTGACCTGGAGCGAAAGCGGACAGGGCGTGACCGCCAGAAACTTCCC	F	T	IGHV4-61*01	IGHD3-22*01	IGHJ3*02	CAGGTGCAGCTGCAGGAGTCGGGCCCA...GGACTGGTGAAGCCTTCGGAGACCCTGTCCCTCACCTGCACTGTCTCTGGTGACTCCGTCAGC......GGTGGTAATTACTACTGGACCTGGATCCGGCAGCCCCCAGGGAAGGGACTGGAGTGGATTGGCTGTATTCATTACAGT.........GGGAGCACCAAGTCCAGCCCCTCCCTCAAG...AGTCGAGTCACCCTATCAGTAGACAGGTCCAAAAACCAGTTCTCCCTGAAGCTGAGCTCTGTGACCGCTGCGGACACGGCCGTGTATTACTGTGCGAGAGGCGTCGAATATGAAAGTAGTGGTTATTTCCCTGATTCTTTTGATATCTGGGGCCAAGGGACAATGGTCACCGTCTCTTCAG	CAGGTGCAGCTGCAGGAGTCGGGCCCA...GGACTGGTGAAGCCTTCGGAGACCCTGTCCCTCACCTGCACTGTCTCTGGTGGCTCCGTCAGC......AGTGGTAGTTACTACTGGAGCTGGATCCGGCAGCCCCCAGGGAAGGGACTGGAGTGGATTGGGTATATCTATTACAGT.........GGGAGCACCAACTACAACCCCTCCCTCAAG...AGTCGAGTCACCATATCAGTAGACACGTCCAAGAACCAGTTCTCCCTGAAGCTGAGCTCTGTGACCGCTGCGGACACGGCCGTGTATTACTGTGCGAGAGNNNNNNNNTATGATAGTAGTGGTTATTNNNNTGATGCTTTTGATATCTGGGGCCAAGGGACAATGGTCACCGTCTCTTCAG	TGTGCGAGAGGCGTCGAATATGAAAGTAGTGGTTATTTCCCTGATTCTTTTGATATCTGG	CARGVEYESSGYFPDSFDIW	94S79=1X10=1X6=1X11=1X42=1X1=1X3=2X19=1X1=1X2=1X25=1X12=1X6=1X67=	400S7N5=1X13=	423S4=1X45=	F	T	IGH		60	8	4.0	95	392	1	319	401.0	419.0	8.0	26.0	424	473	1	50	220	CAGGTGCAGCTGCAGGAGTCGGGCCCA...GGACTGGTGAAGCCTTCGGAGACCCTGTCCCTCACCTGCACTGTCTCTGGTGGCTCCGTCAGC......AGTGGTAGTTACTACTGGAGCTGGATCCGGCAGCCCCCAGGGAAGGGACTGGAGTGGATTGGGTATATCTATTACAGT.........GGGAGCACCAACTACAACCCCTCCCTCAAG...AGTCGAGTCACCATATCAGTAGACACGTCCAAGAACCAGTTCTCCCTGAAGCTGAGCTCTGTGACCGCTGCGGACACGGCCGTGTATTACTGTGCGAGAGNNNNNNNNNNNNNNNNNNNNNNNNNNNNNNNTGATGCTTTTGATATCTGGGGCCAAGGGACAATGGTCACCGTCTCTTCAG	IGHV4-61*01	IGHD3-22*01	IGHJ3*02
GCTGCAGGTTGAGGTG-1_contig_2_1017.fasta	ATCACCCAGCAACCACATCTGTCCTCTAGAGAATCCCCTGAGAGCTCCGTTCCTCACCATGGACTGGACCTGGAGGATCCTCTTCTTGGTGGCAGCAGCCACAGGAGCCCACTCCCAGGTGCAGCTGGTGCAGTCTGGGGCTGAGGTGAAGAAGCCTGGGGCCTCAGTGAAGGTCTCCTGCAAGGCTTCTGGATACACCTTCACCGGCTACTATATGCACTGGGTGCGACAGGCCCCTGGACAAGGGCTTGAGTGGATGGGATGGATCAACCCTAACAGTGGTGGCACAAACTATGCACAGAAGTTTCAGGGCAGGGTCACCATGACCAGGGACACGTCCATCAGCACAGCCTACATGGAGCTGAGCAGGCTGAGATCTGACGACACGGCCGTGTATTACTGTGCGAGAGGTGGGGGACCATCGACGGAGCGCGTTTTACATGATGCTTTTGATATCTGGGGCCAAGGGACAATGGTCACCGTCTCTTCAGCACCCACCAAGGCTCCGGATGTGTTCCCCATCATATCAGGGTGCAGACACCCAAAGGATAACAGCCCTGTGGTCCTGGCATGCTTGATAACTGGGTACCACC	F	T	IGHV1-2*02	IGHD3-16*01,IGHD3-16*02	IGHJ3*02	CAGGTGCAGCTGGTGCAGTCTGGGGCT...GAGGTGAAGAAGCCTGGGGCCTCAGTGAAGGTCTCCTGCAAGGCTTCTGGATACACCTTC............ACCGGCTACTATATGCACTGGGTGCGACAGGCCCCTGGACAAGGGCTTGAGTGGATGGGATGGATCAACCCTAAC......AGTGGTGGCACAAACTATGCACAGAAGTTTCAG...GGCAGGGTCACCATGACCAGGGACACGTCCATCAGCACAGCCTACATGGAGCTGAGCAGGCTGAGATCTGACGACACGGCCGTGTATTACTGTGCGAGAGGTGGGGGACCATCGACGGAGCGCGTTTTACATGATGCTTTTGATATCTGGGGCCAAGGGACAATGGTCACCGTCTCTTCAG	CAGGTGCAGCTGGTGCAGTCTGGGGCT...GAGGTGAAGAAGCCTGGGGCCTCAGTGAAGGTCTCCTGCAAGGCTTCTGGATACACCTTC............ACCGGCTACTATATGCACTGGGTGCGACAGGCCCCTGGACAAGGGCTTGAGTGGATGGGATGGATCAACCCTAAC......AGTGGTGGCACAAACTATGCACAGAAGTTTCAG...GGCAGGGTCACCATGACCAGGGACACGTCCATCAGCACAGCCTACATGGAGCTGAGCAGGCTGAGATCTGACGACACGGCCGTGTATTACTGTGCGAGAGNTGGGGGANNNNNNNNNNNNNNNNNNNNNNNTGATGCTTTTGATATCTGGGGCCAAGGGACAATGGTCACCGTCTCTTCAG	TGTGCGAGAGGTGGGGGACCATCGACGGAGCGCGTTTTACATGATGCTTTTGATATCTGG	CARGGGPSTERVLHDAFDIW	115S295=	411S16N7=	441S50=	F	T	IGH		60	1	23.0	116	410	1	319	412.0	418.0	17.0	23.0	442	491	1	50	221	CAGGTGCAGCTGGTGCAGTCTGGGGCT...GAGGTGAAGAAGCCTGGGGCCTCAGTGAAGGTCTCCTGCAAGGCTTCTGGATACACCTTC............ACCGGCTACTATATGCACTGGGTGCGACAGGCCCCTGGACAAGGGCTTGAGTGGATGGGATGGATCAACCCTAAC......AGTGGTGGCACAAACTATGCACAGAAGTTTCAG...GGCAGGGTCACCATGACCAGGGACACGTCCATCAGCACAGCCTACATGGAGCTGAGCAGGCTGAGATCTGACGACACGGCCGTGTATTACTGTGCGAGAGNNNNNNNNNNNNNNNNNNNNNNNNNNNNNNNTGATGCTTTTGATATCTGGGGCCAAGGGACAATGGTCACCGTCTCTTCAG	IGHV1-2*02	IGHD3-16*01	IGHJ3*02
